nrow,nlevels,successes,trials,mean,lower,upper
24,3,0,75,0,0,0.0479950640551422
296,38,73,75,0.9733333333333334,0.9069684677792745,0.9967540690710339
568,72,75,75,1,0.9520049359448578,1
844,107,75,75,1,0.9520049359448578,1
1089,142,75,75,1,0.9520049359448578,1
1293,176,75,75,1,0.9520049359448578,1
1491,211,75,75,1,0.9520049359448578,1
1692,246,75,75,1,0.9520049359448578,1
1890,280,75,75,1,0.9520049359448578,1
2094,315,75,75,1,0.9520049359448578,1
