nrow,nlevels,successes,trials,mean,lower,upper
24,3,0,50,0,0,0.07112173646419762
296,38,35,50,0.7,0.5539176743388217,0.821382154335853
568,72,42,50,0.84,0.7088736934048891,0.9282992328167139
844,107,50,50,1,0.9288782635358024,1
1089,142,50,50,1,0.9288782635358024,1
1293,176,50,50,1,0.9288782635358024,1
1491,211,50,50,1,0.9288782635358024,1
1692,246,50,50,1,0.9288782635358024,1
1890,280,50,50,1,0.9288782635358024,1
2094,315,50,50,1,0.9288782635358024,1
