nrow,nlevels,successes,trials,mean,lower,upper
24,3,0,50,0,0,0.07112173646419762
296,38,39,50,0.78,0.6403881114342104,0.8847341739621514
568,72,46,50,0.92,0.8076572164040372,0.9777720363450703
844,107,50,50,1,0.9288782635358024,1
1089,142,50,50,1,0.9288782635358024,1
1293,176,50,50,1,0.9288782635358024,1
1491,211,50,50,1,0.9288782635358024,1
1692,246,50,50,1,0.9288782635358024,1
1890,280,50,50,1,0.9288782635358024,1
2094,315,50,50,1,0.9288782635358024,1
